dataset,method,seed,reference_type,trajectory_comparable,initial_accuracy,final_accuracy,mean_stream_accuracy,classwise_forgetting,average_incremental_accuracy,backward_transfer_proxy,mean_pseudo_precision,mean_pseudo_coverage,mean_distribution_tv,mean_feature_centroid_drift,mean_parameter_change,mean_batch_seconds,total_seconds,final_buffer_size,ewc_lambda,threshold,initial_lr,online_lr,fisher_mean,fisher_max,_source_file,offline_training_seconds,offline_epochs,offline_train_examples,mean_initial_pseudo_precision,mean_cluster_precision,mean_semantic_precision,mean_sharpness_gap,mean_flat_width,mean_projected_gradient_fraction,final_subspace_rank
cifar10,ewc,0,continual_semi_supervised,True,0.2982,0.2982,0.2981999999999999,0.0,0.2981999999999999,0.0,,0.0,0.41629464285714285,0.14702407262687173,0.0,4.3352020186499995,98.286881417,0.0,50.0,0.9,0.001,0.0005,0.0014232723042368889,0.531490683555603,summary_cifar10_ewc_seed0_lam50_thr0.9.json,,,,,,,,,,
cifar10,ewc,1,continual_semi_supervised,True,0.2999,0.2999,0.2999,0.0,0.2999,0.0,,0.0,0.41629464285714285,0.17384140109199858,0.0,4.33469133755,97.714415791,0.0,50.0,0.9,0.001,0.0005,0.0020355081651359797,0.662206768989563,summary_cifar10_ewc_seed1_lam50_thr0.9.json,,,,,,,,,,
cifar10,ewc,2,continual_semi_supervised,True,0.3127,0.3127,0.31269999999999987,0.0,0.3126999999999999,0.0,,0.0,0.41629464285714285,0.17503741066015902,0.0,4.335565820750001,97.727078541,0.0,50.0,0.9,0.001,0.0005,0.0018062405288219452,0.709537923336029,summary_cifar10_ewc_seed2_lam50_thr0.9.json,,,,,,,,,,
cifar10,ewc,3,continual_semi_supervised,True,0.2781,0.2781,0.27810000000000007,0.0,0.27809999999999996,0.0,,0.0,0.41629464285714285,0.17509277493116399,0.0,4.33587590205,97.91116825,0.0,50.0,0.9,0.001,0.0005,0.0010719348210841417,1.0028893947601318,summary_cifar10_ewc_seed3_lam50_thr0.9.json,,,,,,,,,,
cifar10,ewc,4,continual_semi_supervised,True,0.3122,0.3122,0.3121999999999999,0.0,0.3122,0.0,,0.0,0.41629464285714285,0.14754578665431056,0.0,4.33316835835,97.940686042,0.0,50.0,0.9,0.001,0.0005,0.0017528525786474347,1.09568452835083,summary_cifar10_ewc_seed4_lam50_thr0.9.json,,,,,,,,,,
cifar10,naive,0,continual_semi_supervised,True,0.2982,0.2982,0.2981999999999999,0.0,0.2981999999999999,0.0,,0.0,0.41629464285714285,0.14702407262687173,0.0,4.514457252000001,97.134665542,0.0,50.0,0.9,0.001,0.0005,,,summary_cifar10_naive_seed0_lam50_thr0.9.json,,,,,,,,,,
cifar10,naive,1,continual_semi_supervised,True,0.2999,0.2999,0.2999,0.0,0.2999,0.0,,0.0,0.41629464285714285,0.17384140109199858,0.0,4.498477202200002,96.707526667,0.0,50.0,0.9,0.001,0.0005,,,summary_cifar10_naive_seed1_lam50_thr0.9.json,,,,,,,,,,
cifar10,naive,2,continual_semi_supervised,True,0.3127,0.3127,0.31269999999999987,0.0,0.3126999999999999,0.0,,0.0,0.41629464285714285,0.17503741066015902,0.0,4.511563695849999,96.884721958,0.0,50.0,0.9,0.001,0.0005,,,summary_cifar10_naive_seed2_lam50_thr0.9.json,,,,,,,,,,
cifar10,naive,3,continual_semi_supervised,True,0.2781,0.2781,0.27810000000000007,0.0,0.27809999999999996,0.0,,0.0,0.41629464285714285,0.17509277493116399,0.0,4.499853091749998,96.654197792,0.0,50.0,0.9,0.001,0.0005,,,summary_cifar10_naive_seed3_lam50_thr0.9.json,,,,,,,,,,
cifar10,naive,4,continual_semi_supervised,True,0.3122,0.3122,0.3121999999999999,0.0,0.3122,0.0,,0.0,0.41629464285714285,0.14754578665431056,0.0,4.4594842002,95.92270025,0.0,50.0,0.9,0.001,0.0005,,,summary_cifar10_naive_seed4_lam50_thr0.9.json,,,,,,,,,,
cifar10,offline,0,oracle_joint_supervised,False,0.2982,0.4542,,,,,,,0.437109375,,,,10.120881292,,,,,,,,summary_cifar10_offline_seed0_epochs5_lr0.001.json,5.777020833,5.0,6120.0,,,,,,,
cifar10,offline,1,oracle_joint_supervised,False,0.2999,0.4158,,,,,,,0.437109375,,,,10.114814834,,,,,,,,summary_cifar10_offline_seed1_epochs5_lr0.001.json,5.770223459,5.0,6120.0,,,,,,,
cifar10,offline,2,oracle_joint_supervised,False,0.3127,0.4454,,,,,,,0.437109375,,,,10.159378166999998,,,,,,,,summary_cifar10_offline_seed2_epochs5_lr0.001.json,5.798403500000001,5.0,6120.0,,,,,,,
cifar10,offline,3,oracle_joint_supervised,False,0.2781,0.4894,,,,,,,0.437109375,,,,10.934919667,,,,,,,,summary_cifar10_offline_seed3_epochs5_lr0.001.json,6.257698083999999,5.0,6120.0,,,,,,,
cifar10,offline,4,oracle_joint_supervised,False,0.3122,0.4498,,,,,,,0.437109375,,,,10.902984707999998,,,,,,,,summary_cifar10_offline_seed4_epochs5_lr0.001.json,6.183656292,5.0,6120.0,,,,,,,
cifar10,replay,0,continual_semi_supervised,True,0.2982,0.2982,0.2981999999999999,0.0,0.2981999999999999,0.0,,0.0,0.41629464285714285,0.14702407262687173,0.0,4.323047337549999,93.00530425,0.0,50.0,0.9,0.001,0.0005,,,summary_cifar10_replay_seed0_lam50_thr0.9.json,,,,,,,,,,
cifar10,replay,1,continual_semi_supervised,True,0.2999,0.2999,0.2999,0.0,0.2999,0.0,,0.0,0.41629464285714285,0.17384140109199858,0.0,4.338793885550001,93.288428833,0.0,50.0,0.9,0.001,0.0005,,,summary_cifar10_replay_seed1_lam50_thr0.9.json,,,,,,,,,,
cifar10,replay,2,continual_semi_supervised,True,0.3127,0.3127,0.31269999999999987,0.0,0.3126999999999999,0.0,,0.0,0.41629464285714285,0.17503741066015902,0.0,4.33354652075,93.36497,0.0,50.0,0.9,0.001,0.0005,,,summary_cifar10_replay_seed2_lam50_thr0.9.json,,,,,,,,,,
cifar10,replay,3,continual_semi_supervised,True,0.2781,0.2781,0.27810000000000007,0.0,0.27809999999999996,0.0,,0.0,0.41629464285714285,0.17509277493116399,0.0,4.33733984575,93.342336166,0.0,50.0,0.9,0.001,0.0005,,,summary_cifar10_replay_seed3_lam50_thr0.9.json,,,,,,,,,,
cifar10,replay,4,continual_semi_supervised,True,0.3122,0.3122,0.3121999999999999,0.0,0.3122,0.0,,0.0,0.41629464285714285,0.14754578665431056,0.0,4.335271089600001,93.27347233399999,0.0,50.0,0.9,0.001,0.0005,,,summary_cifar10_replay_seed4_lam50_thr0.9.json,,,,,,,,,,
mnist,ewc,0,continual_semi_supervised,True,0.2297,0.2297,0.2297,0.0,0.22282588208489565,0.0,,0.0,0.0,0.06180398718764385,0.0,3.5099703539999996,12.605933125,0.0,50.0,0.9,0.001,0.0005,7.774226105539128e-05,0.8253086805343628,summary_mnist_ewc_seed0_lam50_thr0.9.json,,,,,,,,,,
mnist,ewc,1,continual_semi_supervised,True,0.596,0.1135,0.13398500000000002,0.5035125159633901,0.14978607777040026,-0.48219748415684993,0.17682350780814887,0.8529296875,0.41629464285714285,1.1002269950650987,0.005760351686779608,3.5989337375,81.859969584,0.0,50.0,0.9,0.001,0.0005,0.002770919818431139,0.6310163736343384,summary_mnist_ewc_seed1_lam50_thr0.9.json,,,,,,,,,,
mnist,ewc,2,continual_semi_supervised,True,0.4838,0.1135,0.14643000000000003,0.546579458013998,0.15687892261022124,-0.3710510161402258,0.20850455276668073,0.7970703125,0.41629464285714285,1.1379053916249957,0.0068534793210671885,3.6012265522,82.003930875,0.0,50.0,0.9,0.001,0.0005,0.002800214337185025,0.7259244918823242,summary_mnist_ewc_seed2_lam50_thr0.9.json,,,,,,,,,,
mnist,ewc,3,continual_semi_supervised,True,0.6648,0.1135,0.13705500000000004,0.5716209623730839,0.1569197983204357,-0.5586140164267215,0.18248420264571905,0.8412109375,0.41629464285714285,0.9976160001896676,0.006112816487016917,3.618678189649998,82.35304662499999,0.0,50.0,0.9,0.001,0.0005,0.0024062320590019226,0.5642302632331848,summary_mnist_ewc_seed3_lam50_thr0.9.json,,,,,,,,,,
mnist,ewc,4,continual_semi_supervised,True,0.5533,0.1135,0.14566000000000004,0.5254936762306125,0.15931693102456237,-0.44155565862427915,0.19547833539545537,0.8126953125,0.41629464285714285,1.0802441953903152,0.006106046461608483,3.681503583349998,84.240783709,0.0,50.0,0.9,0.001,0.0005,0.002327360911294818,0.7848029732704163,summary_mnist_ewc_seed4_lam50_thr0.9.json,,,,,,,,,,
mnist,naive,0,continual_semi_supervised,True,0.2297,0.2297,0.2297,0.0,0.22282588208489565,0.0,,0.0,0.0,0.06180398718764385,0.0,3.5709607290000003,11.794737333,0.0,50.0,0.9,0.001,0.0005,,,summary_mnist_naive_seed0_lam50_thr0.9.json,,,,,,,,,,
mnist,naive,1,continual_semi_supervised,True,0.596,0.1135,0.13345500000000005,0.5030344227526626,0.14928303934165613,-0.48219748415684993,0.1753452768549323,0.8564453125,0.41629464285714285,1.1001175121182487,0.004168995977492317,3.5606854271499997,76.80543166700001,0.0,50.0,0.9,0.001,0.0005,,,summary_mnist_naive_seed1_lam50_thr0.9.json,,,,,,,,,,
mnist,naive,2,continual_semi_supervised,True,0.4838,0.1135,0.14532000000000003,0.5434404445610832,0.15578631402711016,-0.3710510161402258,0.20526530537754298,0.80078125,0.41629464285714285,1.1451166700749171,0.005003277057523982,3.5860665376,77.44910695899999,0.0,50.0,0.9,0.001,0.0005,,,summary_mnist_naive_seed2_lam50_thr0.9.json,,,,,,,,,,
mnist,naive,3,continual_semi_supervised,True,0.6648,0.1135,0.13670500000000002,0.5716209623730839,0.15657483512422313,-0.5586140164267215,0.18203548453748225,0.841796875,0.41629464285714285,1.0077590883487748,0.004515730231161442,3.5771214230000004,77.339627333,0.0,50.0,0.9,0.001,0.0005,,,summary_mnist_naive_seed3_lam50_thr0.9.json,,,,,,,,,,
mnist,naive,4,continual_semi_supervised,True,0.5533,0.1135,0.14431000000000002,0.5241651551602021,0.1579984785728019,-0.44155565862427915,0.19340273421257734,0.816796875,0.41629464285714285,1.0743263127548353,0.004591631069725264,3.586055808250001,77.47056549999999,0.0,50.0,0.9,0.001,0.0005,,,summary_mnist_naive_seed4_lam50_thr0.9.json,,,,,,,,,,
mnist,offline,0,oracle_joint_supervised,False,0.2297,0.2057,,,,,,,0.0,,,,3.6456884159999996,,,,,,,,summary_mnist_offline_seed0_epochs1_lr0.001.json,0.20893579100000004,1.0,1256.0,,,,,,,
mnist,offline,1,oracle_joint_supervised,False,0.596,0.9375,,,,,,,0.437109375,,,,8.288096167,,,,,,,,summary_mnist_offline_seed1_epochs5_lr0.001.json,4.802139584000001,5.0,6120.0,,,,,,,
mnist,offline,2,oracle_joint_supervised,False,0.4838,0.9308,,,,,,,0.437109375,,,,8.264871875,,,,,,,,summary_mnist_offline_seed2_epochs5_lr0.001.json,4.772776499999999,5.0,6120.0,,,,,,,
mnist,offline,3,oracle_joint_supervised,False,0.6648,0.946,,,,,,,0.437109375,,,,8.246378,,,,,,,,summary_mnist_offline_seed3_epochs5_lr0.001.json,4.765224583,5.0,6120.0,,,,,,,
mnist,offline,4,oracle_joint_supervised,False,0.5533,0.9147,,,,,,,0.437109375,,,,8.272272958,,,,,,,,summary_mnist_offline_seed4_epochs5_lr0.001.json,4.774644584000001,5.0,6120.0,,,,,,,
mnist,replay,0,continual_semi_supervised,True,0.2297,0.2297,0.2297,0.0,0.22282588208489565,0.0,,0.0,0.0,0.06180398718764385,0.0,3.5044945205,11.4760965,0.0,50.0,0.9,0.001,0.0005,,,summary_mnist_replay_seed0_lam50_thr0.9.json,,,,,,,,,,
mnist,replay,1,continual_semi_supervised,True,0.596,0.1135,0.12167500000000005,0.4935837937285661,0.13801194908692582,-0.48219748415684993,0.16302741914987565,0.905859375,0.41629464285714285,1.1291709423774765,0.0038475713342364143,3.60506556045,77.77368370800001,1000.0,50.0,0.9,0.001,0.0005,,,summary_mnist_replay_seed1_lam50_thr0.9.json,,,,,,,,,,
mnist,replay,2,continual_semi_supervised,True,0.4838,0.1135,0.14085000000000003,0.5349280907771007,0.15137897772049744,-0.3710510161402258,0.18618704117834567,0.8349609375,0.41629464285714285,1.1641740717348599,0.004842663103663908,3.621070768649999,78.071382959,1000.0,50.0,0.9,0.001,0.0005,,,summary_mnist_replay_seed2_lam50_thr0.9.json,,,,,,,,,,
mnist,replay,3,continual_semi_supervised,True,0.6648,0.1135,0.13320500000000005,0.5717330699964023,0.15312763725037976,-0.5586140164267215,0.1718412296846509,0.883984375,0.41629464285714285,1.0229187342382613,0.004534370139563797,3.601040999899999,77.826872958,1000.0,50.0,0.9,0.001,0.0005,,,summary_mnist_replay_seed3_lam50_thr0.9.json,,,,,,,,,,
mnist,replay,4,continual_semi_supervised,True,0.5533,0.1135,0.13966000000000003,0.5261595796556582,0.15350049947529817,-0.44155565862427915,0.1791175536811352,0.858984375,0.41629464285714285,1.0959986650518008,0.0045638092296310575,3.5958269187499994,77.616410292,1000.0,50.0,0.9,0.001,0.0005,,,summary_mnist_replay_seed4_lam50_thr0.9.json,,,,,,,,,,
svhn,ewc,0,continual_semi_supervised,True,0.1466656422864167,0.1466656422864167,0.14666564228641668,0.0,0.13932581469224872,0.0,,0.0,0.41629464285714285,0.17420649207418876,0.0,12.057373399949999,261.320266833,0.0,50.0,0.9,0.001,0.0005,0.000469768769107759,0.4533158838748932,summary_svhn_ewc_seed0_lam50_thr0.9.json,,,,,,,,,,
svhn,ewc,1,continual_semi_supervised,True,0.08347418561770129,0.08347418561770129,0.08347418561770129,0.0,0.09377013411653468,0.0,,0.0,0.41629464285714285,0.2314347605974901,0.0,11.1888211166,242.03786504200002,0.0,50.0,0.9,0.001,0.0005,9.537317237118259e-05,0.08985365182161331,summary_svhn_ewc_seed1_lam50_thr0.9.json,,,,,,,,,,
svhn,ewc,2,continual_semi_supervised,True,0.12088967424708051,0.12088967424708051,0.1208896742470805,0.0,0.11322162021258603,0.0,,0.0,0.41629464285714285,0.14068357450444074,0.0,11.2155670188,242.56571933400002,0.0,50.0,0.9,0.001,0.0005,7.149119483074173e-05,0.08983737975358963,summary_svhn_ewc_seed2_lam50_thr0.9.json,,,,,,,,,,
svhn,ewc,3,continual_semi_supervised,True,0.08408881376767056,0.08408881376767056,0.08408881376767055,0.0,0.09424985913778193,0.0,,0.0,0.41629464285714285,0.18923909751077495,0.0,11.62962044585,250.688740625,0.0,50.0,0.9,0.001,0.0005,9.56352669163607e-05,0.08990736305713654,summary_svhn_ewc_seed3_lam50_thr0.9.json,,,,,,,,,,
svhn,ewc,4,continual_semi_supervised,True,0.1272280270436386,0.1272280270436386,0.1272280270436386,0.0,0.11777025130553907,0.0,,0.0,0.41629464285714285,0.2566660459020308,0.0,11.673859200000004,251.67838949999998,0.0,50.0,0.9,0.001,0.0005,0.00017780957568902522,0.08985587954521179,summary_svhn_ewc_seed4_lam50_thr0.9.json,,,,,,,,,,
svhn,naive,0,continual_semi_supervised,True,0.1466656422864167,0.1466656422864167,0.14666564228641668,0.0,0.13932581469224872,0.0,,0.0,0.41629464285714285,0.17420649207418876,0.0,11.180740773100002,237.14104300000002,0.0,50.0,0.9,0.001,0.0005,,,summary_svhn_naive_seed0_lam50_thr0.9.json,,,,,,,,,,
svhn,naive,1,continual_semi_supervised,True,0.08347418561770129,0.08347418561770129,0.08347418561770129,0.0,0.09377013411653468,0.0,,0.0,0.41629464285714285,0.2314347605974901,0.0,11.185523843800002,237.313327375,0.0,50.0,0.9,0.001,0.0005,,,summary_svhn_naive_seed1_lam50_thr0.9.json,,,,,,,,,,
svhn,naive,2,continual_semi_supervised,True,0.12088967424708051,0.12088967424708051,0.1208896742470805,0.0,0.11322162021258603,0.0,,0.0,0.41629464285714285,0.14068357450444074,0.0,11.1870922666,237.319565625,0.0,50.0,0.9,0.001,0.0005,,,summary_svhn_naive_seed2_lam50_thr0.9.json,,,,,,,,,,
svhn,naive,3,continual_semi_supervised,True,0.08408881376767056,0.08408881376767056,0.08408881376767055,0.0,0.09424985913778193,0.0,,0.0,0.41629464285714285,0.18923909751077495,0.0,11.17815778335,237.146249,0.0,50.0,0.9,0.001,0.0005,,,summary_svhn_naive_seed3_lam50_thr0.9.json,,,,,,,,,,
svhn,naive,4,continual_semi_supervised,True,0.1272280270436386,0.1272280270436386,0.1272280270436386,0.0,0.11777025130553907,0.0,,0.0,0.41629464285714285,0.2566660459020308,0.0,11.20156757705,237.760212084,0.0,50.0,0.9,0.001,0.0005,,,summary_svhn_naive_seed4_lam50_thr0.9.json,,,,,,,,,,
svhn,offline,0,oracle_joint_supervised,False,0.1466656422864167,0.39804855562384756,,,,,,,0.437109375,,,,16.922419166999997,,,,,,,,summary_svhn_offline_seed0_epochs5_lr0.001.json,5.723454374999999,5.0,6120.0,,,,,,,
svhn,offline,1,oracle_joint_supervised,False,0.08347418561770129,0.3723878303626306,,,,,,,0.437109375,,,,16.892367417000003,,,,,,,,summary_svhn_offline_seed1_epochs5_lr0.001.json,5.716207958000002,5.0,6120.0,,,,,,,
svhn,offline,2,oracle_joint_supervised,False,0.12088967424708051,0.4293177627535341,,,,,,,0.437109375,,,,16.952763208,,,,,,,,summary_svhn_offline_seed2_epochs5_lr0.001.json,5.722523041999999,5.0,6120.0,,,,,,,
svhn,offline,3,oracle_joint_supervised,False,0.08408881376767056,0.3819913952059004,,,,,,,0.437109375,,,,16.954599666000004,,,,,,,,summary_svhn_offline_seed3_epochs5_lr0.001.json,5.725453583,5.0,6120.0,,,,,,,
svhn,offline,4,oracle_joint_supervised,False,0.1272280270436386,0.3913260602335587,,,,,,,0.437109375,,,,16.971025917000002,,,,,,,,summary_svhn_offline_seed4_epochs5_lr0.001.json,5.7140207919999995,5.0,6120.0,,,,,,,
svhn,replay,0,continual_semi_supervised,True,0.1466656422864167,0.1466656422864167,0.14666564228641668,0.0,0.13932581469224872,0.0,,0.0,0.41629464285714285,0.17420649207418876,0.0,11.187319995749998,237.4356235,0.0,50.0,0.9,0.001,0.0005,,,summary_svhn_replay_seed0_lam50_thr0.9.json,,,,,,,,,,
svhn,replay,1,continual_semi_supervised,True,0.08347418561770129,0.08347418561770129,0.08347418561770129,0.0,0.09377013411653468,0.0,,0.0,0.41629464285714285,0.2314347605974901,0.0,11.165226312450004,236.919431917,0.0,50.0,0.9,0.001,0.0005,,,summary_svhn_replay_seed1_lam50_thr0.9.json,,,,,,,,,,
svhn,replay,2,continual_semi_supervised,True,0.12088967424708051,0.12088967424708051,0.1208896742470805,0.0,0.11322162021258603,0.0,,0.0,0.41629464285714285,0.14068357450444074,0.0,13.2090646959,277.903680333,0.0,50.0,0.9,0.001,0.0005,,,summary_svhn_replay_seed2_lam50_thr0.9.json,,,,,,,,,,
svhn,replay,3,continual_semi_supervised,True,0.08408881376767056,0.08408881376767056,0.08408881376767055,0.0,0.09424985913778193,0.0,,0.0,0.41629464285714285,0.18923909751077495,0.0,13.5450766833,286.5692535,0.0,50.0,0.9,0.001,0.0005,,,summary_svhn_replay_seed3_lam50_thr0.9.json,,,,,,,,,,
svhn,replay,4,continual_semi_supervised,True,0.1272280270436386,0.1272280270436386,0.1272280270436386,0.0,0.11777025130553907,0.0,,0.0,0.41629464285714285,0.2566660459020308,0.0,13.569903116800003,286.98978750000003,0.0,50.0,0.9,0.001,0.0005,,,summary_svhn_replay_seed4_lam50_thr0.9.json,,,,,,,,,,
cifar10,sdsl_full,0,,,0.2835,0.3634,0.33237500000000003,0.10049999999999999,0.33004761904761903,0.0799,0.3015625,1.0,,,0.010833207616807807,5.6482041875,119.941501458,,,,,,,,summary_cifar10_sdsl_full_seed0.json,,,,0.324609375,0.2673828125,0.271875,0.775584286749363,0.11170936358671282,0.7429072643951574,8.0
cifar10,sdsl_full,1,,,0.2985,0.367,0.32863000000000003,0.08060000000000003,0.3271952380952381,0.06849999999999999,0.305078125,1.0,,,0.010725404602530103,5.638587089549998,119.63511491599999,,,,,,,,summary_cifar10_sdsl_full_seed1.json,,,,0.3279296875,0.263671875,0.2693359375,0.5029647091031075,0.085700910444194,0.675488877301954,8.0
cifar10,sdsl_full,2,,,0.3047,0.3808,0.34553,0.0831,0.3435857142857143,0.0761,0.324609375,1.0,,,0.010905138037658977,5.644684320750001,119.89076925,,,,,,,,summary_cifar10_sdsl_full_seed2.json,,,,0.35,0.281640625,0.2890625,0.6980400308966636,0.10491222785862017,0.6676187289661683,8.0
cifar10,sdsl_full,3,,,0.3019,0.3709,0.34425999999999995,0.11510000000000001,0.3422428571428572,0.069,0.29609375,1.0,,,0.010937000618684781,5.64901286465,119.9876865,,,,,,,,summary_cifar10_sdsl_full_seed3.json,,,,0.3240234375,0.268359375,0.2724609375,0.6078404113650322,0.09746989557059438,0.6943919938671357,8.0
cifar10,sdsl_full,4,,,0.2992,0.3889,0.35439999999999994,0.06440000000000001,0.3517714285714286,0.08969999999999999,0.321484375,1.0,,,0.01060712676065668,5.638214641800001,119.740489875,,,,,,,,summary_cifar10_sdsl_full_seed4.json,,,,0.3505859375,0.287109375,0.290234375,0.7454194837808608,0.10973897172758977,0.7014185785976108,8.0
mnist,sdsl_full,0,,,0.6278,0.8543,0.770065,0.021868254982685076,0.7604901459726732,0.2279281699993166,0.7294921875,1.0,,,0.011601410979977581,4.588653218749999,97.577508458,,,,,,,,summary_mnist_sdsl_full_seed0.json,,,,0.7599609375,0.5755859375,0.5853515625,2.016862052306533,0.14734429131051346,0.7381413246742841,8.0
mnist,sdsl_full,1,,,0.5594,0.8368,0.7228000000000001,0.0466077727649903,0.7100715251690799,0.2768805413934273,0.6791015625,1.0,,,0.011461758505719706,4.702423224950001,100.10367225,,,,,,,,summary_mnist_sdsl_full_seed1.json,,,,0.705859375,0.5306640625,0.5375,2.827528172433376,0.1765690883022866,0.7412865652035516,8.0
mnist,sdsl_full,2,,,0.5077,0.8188,0.7264399999999999,0.04749933922010986,0.7115538452479977,0.30973759408566437,0.68671875,1.0,,,0.011526396135164759,4.721438506199999,100.627355875,,,,,,,,summary_mnist_sdsl_full_seed2.json,,,,0.7177734375,0.5466796875,0.5587890625,2.8146033123880625,0.17347448488608713,0.7561841583362271,8.0
mnist,sdsl_full,3,,,0.6408,0.8233,0.75681,0.061197131995184596,0.7486069751441538,0.18124411404956534,0.7302734375,1.0,,,0.010672014984071714,4.6290101396,98.545623917,,,,,,,,summary_mnist_sdsl_full_seed3.json,,,,0.7580078125,0.5970703125,0.6041015625,3.1610774363577367,0.18649876756576955,0.7349101315910883,8.0
mnist,sdsl_full,4,,,0.6113,0.832,0.77842,0.09848301839459124,0.7696807128633998,0.2188464058644633,0.751171875,1.0,,,0.010415253810672225,4.6202564666,98.451557292,,,,,,,,summary_mnist_sdsl_full_seed4.json,,,,0.7736328125,0.5966796875,0.6044921875,3.679714623242617,0.19235332953255802,0.7217570651034537,8.0
svhn,sdsl_full,0,,,0.1021819299323909,0.1727105101413645,0.15906000307314078,0.1059695570671771,0.15835023869599785,0.06570700681818586,0.15625,1.0,,,0.012729588666732895,12.488650729249995,263.83130124999997,,,,,,,,summary_svhn_sdsl_full_seed0.json,,,,0.17109375,0.145703125,0.146875,0.48964855045080186,0.10668238294532612,0.6680069165291614,8.0
svhn,sdsl_full,1,,,0.06572679778733866,0.1136677934849416,0.08588660110633066,0.0745188528023118,0.09233935184252548,0.04035033180437159,0.103515625,1.0,,,0.013978952178460922,13.217143314599998,278.315955375,,,,,,,,summary_svhn_sdsl_full_seed1.json,,,,0.1119140625,0.1025390625,0.1033203125,0.036672904193401336,0.02529303661632141,0.513816860906642,8.0
svhn,sdsl_full,2,,,0.10364167178856791,0.16556545789797172,0.1239570528580209,0.08564449946811456,0.12168706359865587,0.04630976812753315,0.1314453125,1.0,,,0.01342084745920916,13.604725983350002,286.78298595900003,,,,,,,,summary_svhn_sdsl_full_seed2.json,,,,0.1431640625,0.12890625,0.13046875,0.14025376081466673,0.050117856196967694,0.6069720207090212,8.0
svhn,sdsl_full,3,,,0.13867547633681623,0.21876920712968653,0.15063383527965582,0.0829091982435384,0.14001135571046885,0.07799907422428534,0.15234375,1.0,,,0.013228291396471333,13.8647616813,292.095270708,,,,,,,,summary_svhn_sdsl_full_seed3.json,,,,0.1501953125,0.1517578125,0.150390625,0.40553986221551896,0.0886849414659775,0.5776445656058955,8.0
svhn,sdsl_full,4,,,0.11743239090350338,0.15868930547019053,0.12979025814382297,0.033319053897150265,0.12433836869832683,0.03466128487004366,0.1193359375,1.0,,,0.012520002032377112,13.972187837550006,294.2818165,,,,,,,,summary_svhn_sdsl_full_seed4.json,,,,0.1236328125,0.112890625,0.11640625,0.16753352105617525,0.0524115818161157,0.5742789452699236,8.0
