relative_path,size_bytes,sha256
.DS_Store,12292,b8fa25ef099e38abc15e4f74d4a333c3431b1fca9e326d3dbf96406d33d7f26d
.git/.DS_Store,6148,0141151975e12e871e922a596590a79ce9cbd86b7ae324388285c67af8b5a655
.git/COMMIT_EDITMSG,103,2f3b3b17946c946f46e6a902cfb54972c273eea1e5531e55504ced1b4c69e509
.git/FETCH_HEAD,94,486a05b1f4cdce576299cffe05bfa33e959923c76d50ee93f96c4e96e289766e
.git/HEAD,21,28d25bf82af4c0e2b72f50959b2beb859e3e60b9630a5e8c603dad4ddb2b6e80
.git/ORIG_HEAD,41,f70d04edf031f10e3455c5095124775f2c456279b12a1c9258a3d45807b8931d
.git/config,360,3a7c5b122fd25e213193d2968496cf3ea598d6dab1cb6cc9fd102733b37541fe
.git/description,73,85ab6c163d43a17ea9cf7788308bca1466f1b0a8d1cc92e26e9bf63da4062aee
.git/hooks/applypatch-msg.sample,478,0223497a0b8b033aa58a3a521b8629869386cf7ab0e2f101963d328aa62193f7
.git/hooks/commit-msg.sample,1972,efc1401b0e99d1ff51494d154d98b46c1e99059bcd8bf9f73cecde19fd3eb23b
.git/hooks/fsmonitor-watchman.sample,4611,9159720099ad5595b8e66645cbfd47763c1e920f46e0b50ae75e642bbec57ef0
.git/hooks/post-update.sample,189,81765af2daef323061dcbc5e61fc16481cb74b3bac9ad8a174b186523586f6c5
.git/hooks/pre-applypatch.sample,424,e15c5b469ea3e0a695bea6f2c82bcf8e62821074939ddd85b77e0007ff165475
.git/hooks/pre-commit.sample,1649,57185b7b9f05239d7ab52db045f5b89eb31348d7b2177eab214f5eb872e1971b
.git/hooks/pre-merge-commit.sample,416,d3825a70337940ebbd0a5c072984e13245920cdf8898bd225c8d27a6dfc9cb53
.git/hooks/pre-push.sample,1374,ecce9c7e04d3f5dd9d8ada81753dd1d549a9634b26770042b58dda00217d086a
.git/hooks/pre-rebase.sample,4898,4febce867790052338076f4e66cc47efb14879d18097d1d61c8261859eaaa7b3
.git/hooks/pre-receive.sample,544,a4c3d2b9c7bb3fd8d1441c31bd4ee71a595d66b44fcf49ddb310252320169989
.git/hooks/prepare-commit-msg.sample,1492,e9ddcaa4189fddd25ed97fc8c789eca7b6ca16390b2392ae3276f0c8e1aa4619
.git/hooks/push-to-checkout.sample,2783,a53d0741798b287c6dd7afa64aee473f305e65d3f49463bb9d7408ec3b12bf5f
.git/hooks/sendemail-validate.sample,2308,44ebfc923dc5466bc009602f0ecf067b9c65459abfe8868ddc49b78e6ced7a92
.git/hooks/update.sample,3650,8d5f2fa83e103cf08b57eaa67521df9194f45cbdbcb37da52ad586097a14d106
.git/index,29188,bd70d989357ec1a9721c4112b78a773aac313cdc800bd910e730860472920714
.git/info/exclude,240,6671fe83b7a07c8932ee89164d1f2793b2318058eb8b98dc5c06ee0a5a3b0ec1
.git/info/refs,189,a14ed9ddaeb3dc51f9012c3709a50efbe6d32eb59d4c72b95cf4932186f3bd2a
.git/logs/HEAD,11564,b4aaf977c1630f3257d878bcc8857f3afa3e5b69d17f967f5f7dacac2020e618
.git/logs/refs/heads/main,11564,b4aaf977c1630f3257d878bcc8857f3afa3e5b69d17f967f5f7dacac2020e618
.git/logs/refs/remotes/origin/HEAD,0,e3b0c44298fc1c149afbf4c8996fb92427ae41e4649b934ca495991b7852b855
.git/logs/refs/remotes/origin/main,6578,dea3403bbb599adc319b354f48c618c6198cb9aa49a388fff10bf4d5fb99b232
.git/objects/04/4ce45b5123c46aca88e0f60713c3a84aac6d83,256,d560c16b99683cff2fbb86292954c3cd824d0746062ebac6b28342cb63b1f5bd
.git/objects/0a/ffa5bc236176e513d7a931de55c2b557b27861,754,e92f07c4cb76b4fdb810910182a7e1f288c965915e08c4b9348c262b6bca39ed
.git/objects/19/a77501e91cff69b49e1f438d5975cd6b08c4c8,1836,d0e97bb3adc7745cce0d41e9a3530ee3e3e9e4e9cfba0b5459c5433aedffdc18
.git/objects/1f/68167c646ea6cc404053c62aa239d8ea1a75ff,1550,7060ea8809ff8a5618a97583d16fe846b654783c79f75142ece3ebb9c10c4335
.git/objects/20/68d4956f6ece8cd110315b8f42748d2c0b5832,1836,94921c34d843dfe4984494a76ab279084a579801097744516626e51a1ea09282
.git/objects/2a/8458962a3e456bc85e1caafcbce2243cb9fa64,2168,29c535f065c2be2df782cfd63779559f26a55b58c44a8fd83322ae8ecbd4997c
.git/objects/2c/4fcd39f864ed22b02624b5d97b0caea21179d9,1050,863c14348ad9fd0a170bc64c5b94b12bf0192e31bdccc2021a4c8f5e6c376755
.git/objects/3a/ad9dc591c4b09c20f2d667028d58d5452626f2,189,4569fa620b7f07bef342890c0f3662e697cdb53174986db60a325c4874eea2b0
.git/objects/4b/42e2f3ae309c7c4afab866a825b97327c5bbd5,995,bfa4b6787b99a7c20bbebcb49df010b791e530b48651c35b937d0f62839b4ecb
.git/objects/54/f83087ce3f0d2d13680bc15365cea618c8e5dd,217,13583befc93ca5fc506524f4140b17b46dbc1a4585df2df38c3891ac716ba097
.git/objects/59/5c1221400eb30021182fa4d06a21841a105302,1799,2e2029bed472feab83f7bfb5e6b13163832ce79f8fc6c789573525258aeb9df2
.git/objects/60/ea47e8eb9714100b92fd5e706e9a52219d7879,1836,0a737867650c6662c631cc4cd8437842c31e242efc5d869bdb0afd326bf0929e
.git/objects/61/3a8dd0ebfeefa4177c991385577d5dc6b3e45e,438,5dff6d6bba03436728044e0ec9fbe9f9f9bbdb54c8d14e362b024d6bdea97349
.git/objects/70/73ff0bf9188f19a48920c1f3c798743443dcd5,215,4d781f20237de9c4c2f1993714b23953dea3110951d2cfa68f893e7ec3fa91ef
.git/objects/73/f713cb49580ac5c1d912cd6c17c0c05f6cc79e,1867,0603910d04d0ca6039f05f113661687b93b327798ed314b59375f0706295fa6a
.git/objects/78/8c1b3975376cbd7ee4163ca42b2edc8ddf92b2,1836,990924a8576e597850a5ba53f8f8047f1b2128c22e2d9871a94d22dcee21dcf7
.git/objects/82/1001f647d4e9c77c9cec35dfdbbf3d696cbf0b,214,136bdd99e809b20b4ddcab64a15dc39c4ac481f0ed1d61bbe7a1673852d4b943
.git/objects/86/d21d926ef402ce49952228140b935b25afc3fe,849,77fa006570114075e422fe77e474666300e5eb6a875075938809ae226d14341b
.git/objects/87/bd119bceca7b8b0e323d1c5c582f28198680b7,402,6d15a8b9e516f783f433b8bfa6065974ec57800e19e0b5833a72330b16602c66
.git/objects/8b/4af03b0fa150d29ba7361dbd4da7d20ee92b9a,227,e2549b84d138608f44632c5dec64b0f0e147a39fc6667b33e87eb0fe3b276a72
.git/objects/90/d2b17531e90cb85461fc1fe77b3c7a0ccd6fdb,223,9b030866710ba00f6279fbaecaff70a825b50ee586340379d6edded714555365
.git/objects/97/ce9728d3e1c7ff9c3d00f40a6201c067494e31,1013,d824ab6c2a68f31d175429d6bca286bbd76b9c2be56396ee5e2a9bac81b6d113
.git/objects/9b/67785ac177e5ea4ea839c721ab5e1593bef220,787,42e61f928e037b466a179bc5745e1f28a9cad550f22d43d92388efacccea3bcc
.git/objects/9e/10f319c6fd9e414ba0748003079a395f76a0f6,1767,7b5816a38dcb0dc812b2a9fe2392d3f6c1fdbdb50d5e020bc746ef856978ab32
.git/objects/a1/67d6f426e224c463aa5ce6e7d28c99b718e5cc,208,8c9e7a389f29d40b68c62e5df9bca9643ee118224a8b4aefa07bcf41296011ee
.git/objects/a1/89300880d67e865ed6508cd92c7bc8c2fe1d8e,1901,d4d9eaf41d049da7db360a8d821652c86fe40bcecc2117d8c58654a261305a20
.git/objects/b2/16973a2e31d97b6f6945ef4854904741756ea2,2410,8434950d358609f68d4fbebc7d4cdfea1ad797cbe0064d89cacd03060974097d
.git/objects/bc/3c0d629dbeb34fae9cc8848809af3e5f66eb05,214,cba63cf75c77585fa043b03e3960fb2e9e7417c01497e335eb4a84921d232200
.git/objects/c3/d4ed24b50c65440d33a024105060753468f2f5,215,663cd895afb7d084ec8907415eb1374f4506dd52bfd602187c92997aabf68a13
.git/objects/c4/aa79d04a68e56f930a46daa91efb4d7414a6c8,212,37274e1ba39d290d587dc13ef4d323daacff242ea3409f995b217da8664389f3
.git/objects/c5/8fd957d08fad42901da127609790a8911019f3,222,7c2ff669ab5ea4e20367009cd294675d231a36efb571e7c6a938bc05e476c0a8
.git/objects/c6/500d9a4871e7e4e9d9264edaf89e0614f53677,1837,c628e03c9145403b50865426474e3e03bdb1a010ea0b8da758157c5ab9074156
.git/objects/cd/cb79568416af1d61f9c8fa955c1f43f81cf6e7,1835,60ef761bcbbc9c326db378659c341aa4282d8517329992dc165a85cc642796d6
.git/objects/d1/1b66b59d7e31cb493720ea11c5a8a28864e728,1800,6f9c810e820f8a201069c8bc9c5f2189924988296e6ac603e9cc79213023229c
.git/objects/d1/4236b884342471d1c0f46deba94a033d832ef6,1802,58f1903c30a15e771bf5009fea97d10f7fc2d750fca16b6cca95e05efe9f0013
.git/objects/d6/449d61ce90bf897345be563672a3e6806d9ad4,1160,ac08fa8fdcaf5e494891ebc56dbbf5c32535e54f33029883c1460ee1274b4f7b
.git/objects/dd/33bbed13fb8bf6c8ef673891a34bf2eea042ad,198,d0b57e57aa23ee00f480d15b3116e2edff670692f42928461eca967bfad56367
.git/objects/f5/87f97801533b475dac070bf6d49807e0f7b37e,243,0f50b21b1dc4cbd38fd569c8924b4cc0684ce5e4a361f7a45e399383ddbb1bff
.git/objects/fd/f9999509b31c1ded054c06bc63d37b450dd50d,822,b3bf286939ebf2fa5337d8b8b524612a86a9c3ce1c9cd7864f88d7273e6fca53
.git/objects/info/commit-graphs/commit-graph-chain,41,40fdbffcedeee5d40ef1de371cca6ae2df4dba2c0987fd081d80d6f6c7289322
.git/objects/info/commit-graphs/graph-09f743e3efc3bfc1170887baa62e103592b4d815.graph,7112,91b82d2ea9e3c359e60080ba5b20cd61584d8078d71a4a2249729002645f1988
.git/objects/info/packs,213,47f46ff0becdf42da57af55d278e2a34bbf5a29d46d41cef8bf51f5ad9eceb86
.git/objects/pack/multi-pack-index,690340,fc34d679d6ad37d836f3ad86bfaf467facbcc7655083fd45088016b6903f4446
.git/objects/pack/pack-590c500e2554f3f91426ebeeca21029e15ca6099.idx,3704,f3510861316a111bdb8c627ad608695f7ee5c39a32fc2c3656b2563abdf31f3e
.git/objects/pack/pack-590c500e2554f3f91426ebeeca21029e15ca6099.pack,8168564,b41dd30f5637acd3ceba1a0c32054d23329f1e49f2d83d82fa487b9652c910eb
.git/objects/pack/pack-590c500e2554f3f91426ebeeca21029e15ca6099.rev,428,dde4d2836cd1960a5c1ea9986d452f390cb51b514d1b7093abb088851c939d34
.git/objects/pack/pack-790977982155824db3b4efbcff261d2967dba516.idx,1100,dd047f175ae74779aec935e90b4b8ed28dcb01da4934d7fd8d19d7cb494d4677
.git/objects/pack/pack-790977982155824db3b4efbcff261d2967dba516.mtimes,56,5cca26c0f5e40e10cbe33f8e97372b233fdad6fab74db98eac0364c3157d56ae
.git/objects/pack/pack-790977982155824db3b4efbcff261d2967dba516.pack,330,b3773650d85a532a89ac43e4fa36a0d8aa814a807e78c4af9ca3c10a9e699ae2
.git/objects/pack/pack-790977982155824db3b4efbcff261d2967dba516.rev,56,ac2baa8b22b0419beb9931cf2d5d9dd1a428ab1352c16782543e8a0ccee35cc8
.git/objects/pack/pack-883eed06207a080db92e2cbf043a4fd6e26848b1.idx,15184,36002637acc4ac6bf656b1c24e726c4affed2fa710bf4c9dbf923a5b6a728d0b
.git/objects/pack/pack-883eed06207a080db92e2cbf043a4fd6e26848b1.pack,1622411,3c435bba9f039ffbfda0a66c9bcdb126f98c04ee66584ce886de98dec2ba8275
.git/objects/pack/pack-883eed06207a080db92e2cbf043a4fd6e26848b1.rev,2068,52960ea8f0b1dd8a7ae2746266a7683e24bcaf8f60f396bb586c744a99717421
.git/objects/pack/pack-f09d4ae2f85d6a784f584a78bd7f6941ab6fbe02.idx,673324,b2b6242707067e08e4047c54b09e149949e102d2eb6194232db130a50773494b
.git/objects/pack/pack-f09d4ae2f85d6a784f584a78bd7f6941ab6fbe02.pack,154482046,0066c02b0e30e0e2d4c2f27dc414fc24b8008f349f87fb852e1f7a525b4d2206
.git/objects/pack/pack-f09d4ae2f85d6a784f584a78bd7f6941ab6fbe02.rev,96088,e00ab1e0652634981e09eaa9d923b7b5a47334fb7c902054df211f31fa8f7832
.git/packed-refs,112,9057891df80fd55cadb0c2df63defe74dd6684e0c00c03aa424b3a2742038227
.git/refs/heads/main,41,a8a7466cb6e2efd5db13c7abef35fb3cdd2aa766a3681bf6d862d35dfe0a6aa5
.git/refs/remotes/origin/HEAD,30,2bb6a24aa0fc6c484100f5d51a29bbad841cd2c755f5d93faa204e5dbb4eb2b4
.git/refs/remotes/origin/main,41,a8a7466cb6e2efd5db13c7abef35fb3cdd2aa766a3681bf6d862d35dfe0a6aa5
.gitignore,584,97b728031c47be66a42f9ffbf492e90f9b0f49520d8c13e37123632ace3207e0
Comparision_MNIST_class_incremental.png,98613,2db1666cd21c6c69199b3828a1a7561823dca1a73471a4f6e2f57105703c6889
Comparision_results_MNIST_class_incremental.csv,303,5d260b5c3bb992432052411f6b25611da13a579a0b540bad45f6bb84b3229491
Procedures to run,553,6d91c5fb2353b923f596be922c49ff5e0db2feab447653bef60796984f12e93d
README.md,2504,79d8661aa6c5d2af6510cf241a56b6fe04a372ce7852768d2e0d194ee3b1bf81
aggregate_results.py,2024,ca9715b6ebc4197f6f51e8c4cf625800c221132fb133c2b82377452d8624821a
algorithm1_pseudolabel.py,2781,16e6faa6e6ac6c6e4428a49c5e6b4a4a514c72c1bc1e1320413e0286db6ea900
baseline_comparison.png,67664,9352f907f3351063668a537f733afe645e2260fe285aa9e5f39ee0db6a387cf2
baseline_naive_model.pth,1689884,57a80ce6297fcf10e62e2bd18878ad23f143c9de32e427148bf504f91c001ce9
baseline_naive_online.py,5888,1f4034cb8361fdc387388dbfcd39c716076a72fb7789041937cadaf0fe081d44
baseline_offline.py,2615,8494af16c9d7d383c42db864543ec500c65314be6cc7694ad419d07a33955ac0
baseline_offline_model.pth,1689972,8631c67a4078fcda9c79687393cf71f61151f0eafe0a949bae1de9e052a21af4
baseline_replay.py,6639,a6eebd74b5f1cf67306d0b8014ffcccd1382f8f2d23076438148813bae5a0049
baseline_replay_model.pth,1689896,179e7c59818363347547ac108319658b9dd540b909d06995c44b4a67fd9a6425
capture_environment.py,1652,b399e50349b544150fc9085df589da27926c875b9b8a3e67e2f2d0483b9aec61
centroid_pseudolabel.py,4973,6ef8b9f5258c00943c63aa48283772901e702cc16461c6513ca0bfaadbabfe0e
compare_baselines.py,8878,40d6139387d9cc097b786061953c7bafb89ed4f3578be8c041b4e00efaaf82ca
compare_continual_models.py,14057,16e349d4ca9e95388443212a08c8e8ff7f5db4d4518f3f282a54305c69af495f
comparision.py,6517,756f8c7e3470b97594552931fb8dbe4a8406f1a3c59abb14cd53ceb2635970ac
config.py,770,7922ae39483c6cba524f8ba171d05d89c87dee1b9ba8573b863710bc1b3eb94b
create_final_figures.py,2160,0c4fcb7afcb9589f4122c633b49226df9549f9e3d85c7cc353e0db0d33e3d565
dataset_factory.py,4249,85dfa450f7b2f607ed50712c02bc68bab1460ff6bf616c048fbe4a4368b5f7eb
dataset_stream.py,7191,6ba31f7bac9315d10d787caf87622e51db21fdd901d668a56dfbb23128614b65
ewc.py,2836,4fae76f980fb3e99aadcd337a937bdefddd35a72402f003120d7aadc2c49a397
file_names.txt,858,2adf17a9a40687ff400a9f7273e9cddb8744b4cc3c5ad6950759c46ce06eb16b
forgetting_comparison.png,34465,ea20425a3e08071c0482876c8dfa0bfc1cbdb695c9632169120762d5e89bbf5e
full_pipeline_mnist.py,11441,a1bcc0ff524fb0d65231c4e6ab9616eebf5d671f9de8de943b02de4d1e8b3851
generate_pipeline_diagram.py,1957,68aa7c2894e8375a19c69bf9f39fe709887d7e4f62b565ca9e55048eda237670
make_submission_manifest.py,1497,c799d80c8e79fef478505140d740530eeba027d3dd75b17ddd614468629bf3d0
metrics.py,2177,a0279a435ea2c5531214ef232642b8c1d23677eee6726e4759ed0f58139cfb07
metrics_full_pipeline.csv,1258,0d170bee805fad64787840bbc1d553d0942113a493695a973708bc102711762e
mnist_stream.py,5436,4e0953aff7f0d9652589ff94d2be81000b3ea89438cea0787892139d05ad103a
models.py,1195,670a8d75e0cce6b2249a55e1828c871d66913bbc25b684dd1cf9930c46a5713f
models_old.py,1765,d0b3fade4600f59bc60734f894d99913e02ae900d6b06fd1c27530c49c1f9a2e
pipeline_comparison.png,139713,e4957f92c57d9484b8e258d41721b77b1a5d8adbe6ddf105a315067438c20d45
plot_results.py,5534,eee01af214071dcae91be9a06e77e0b120b1e5aa6b013f9ffee60503a8b4ada5
pth_evaluation.py,273,30f81f1d6b3c723bc09771f850860c8484b2e9b8f0af7912fd1300da3f319782
pytorch.py,37,129dcf10c26c29df47609e58d85e211dfd70bde04d26847253ce53a0162ed436
replay_buffer.py,2621,e43652ec90c1f7ae5a1702947035469d3250fef6518d38d1572576af66906b7e
requirements.txt,107,15cab72ff7b65e18eb163fbf0ee103a9e386b6f8a06500708b19459153eb3b09
results/.DS_Store,12292,c592152a0825ac7ef47120f876e270bea4aaa0badc4a3535fa543a6ad71f1c5a
results/ablations/all_runs.csv,1735,2728415388c0e3c17f49b1b9dd6c23e694a273bb89f30f79dc008b50cad4162d
results/ablations/class_accuracy_centroid_ewc_seed0_lam50_thr0.9.csv,3925,f8c831945c9906f546b798f8cffe17c0c64695282e747f00565021c73eccfd12
results/ablations/class_accuracy_centroid_ewc_seed1_lam50_thr0.9.csv,4177,64a9b317691bc91e25e7225b64f14e1e92fd8a6d1ee1ba8df8a920be8abdc599
results/ablations/class_accuracy_centroid_ewc_seed2_lam50_thr0.9.csv,4219,3dea8585b0aebb2e8e84f42b7404c838c6eff61bb6a1261745212696d2be6095
results/ablations/class_accuracy_centroid_ewc_seed3_lam50_thr0.9.csv,4198,17b7f1c009663807e504e7dc82ed4dd8b4e4408ac7d6b9e4c1421680090b48e5
results/ablations/class_accuracy_centroid_seed0_lam50_thr0.9.csv,3925,f8c831945c9906f546b798f8cffe17c0c64695282e747f00565021c73eccfd12
results/ablations/class_accuracy_centroid_seed1_lam50_thr0.9.csv,4177,64a9b317691bc91e25e7225b64f14e1e92fd8a6d1ee1ba8df8a920be8abdc599
results/ablations/class_accuracy_centroid_seed2_lam50_thr0.9.csv,4219,3dea8585b0aebb2e8e84f42b7404c838c6eff61bb6a1261745212696d2be6095
results/ablations/class_accuracy_centroid_seed3_lam50_thr0.9.csv,4198,17b7f1c009663807e504e7dc82ed4dd8b4e4408ac7d6b9e4c1421680090b48e5
results/ablations/class_accuracy_centroid_seed4_lam50_thr0.9.csv,4198,fb63ab14b88264e691193d9b30bd9313264c2a5a67c19a94ba7f62287948e307
results/ablations/class_accuracy_naive_seed0_lam50_thr0.9.csv,4098,ff8943093534b0e43463e6d48978d1b4707c583410ace4095d4b52c9e959d78e
results/ablations/class_accuracy_naive_seed1_lam50_thr0.9.csv,4195,c87ebbf0b6bbba3e91232c377523a1bf7c0febee88eb221ad0a5ba9f9107dd4a
results/ablations/class_accuracy_naive_seed2_lam50_thr0.9.csv,4217,51ba39720d1beb85a180697e04bcec138fafa542e65c3f0a5f95c925317e6bd9
results/ablations/class_accuracy_naive_seed3_lam50_thr0.9.csv,4195,48890011681262bd272f24192f6f8bd0f7ff7f4cba8713d0af8e3e345a542ea6
results/ablations/class_accuracy_naive_seed4_lam50_thr0.9.csv,4198,3337d1535ddf4600b6e39324a6853b9c918e399236edf9a29fa86e0368cf798e
results/ablations/distribution_seed0.csv,2641,c75fcad0439a97f43e75800c5fe4e803f8ce88accf53de3b1ef38f386e2f2b4a
results/ablations/distribution_seed1.csv,2641,c75fcad0439a97f43e75800c5fe4e803f8ce88accf53de3b1ef38f386e2f2b4a
results/ablations/distribution_seed2.csv,2641,c75fcad0439a97f43e75800c5fe4e803f8ce88accf53de3b1ef38f386e2f2b4a
results/ablations/distribution_seed3.csv,2641,c75fcad0439a97f43e75800c5fe4e803f8ce88accf53de3b1ef38f386e2f2b4a
results/ablations/distribution_seed4.csv,2641,c75fcad0439a97f43e75800c5fe4e803f8ce88accf53de3b1ef38f386e2f2b4a
results/ablations/metrics_centroid_ewc_seed0_lam50_thr0.9.csv,1718,7bbb4670292bb18d6ea045535068cb03f4567cd03fbb3347c926a0581a243dcc
results/ablations/metrics_centroid_ewc_seed1_lam50_thr0.9.csv,1718,5b14569ab8e2319d586b39feb25574d61b632b10e86fdd5db7bbea287e3d1f81
results/ablations/metrics_centroid_ewc_seed2_lam50_thr0.9.csv,1738,3d4c728750bf825d62a1a5aea03217f1c4b8c203664a633801d7d240e1c4ee9a
results/ablations/metrics_centroid_ewc_seed3_lam50_thr0.9.csv,1735,2728415388c0e3c17f49b1b9dd6c23e694a273bb89f30f79dc008b50cad4162d
results/ablations/metrics_centroid_seed0_lam50_thr0.9.csv,1634,82e6821dfb6ef75f7bd666c27db6f54cb3ad4cb910320bf97017479906c3db63
results/ablations/metrics_centroid_seed1_lam50_thr0.9.csv,1634,864a585a75be7399a9775d4e1effe824f9c5b638ac2c7637d57ccda7160af7c8
results/ablations/metrics_centroid_seed2_lam50_thr0.9.csv,1654,0234ed78b5bca734d9a35a5d6a853514b26fb4323f909c71abb650098826b148
results/ablations/metrics_centroid_seed3_lam50_thr0.9.csv,1651,d608a7378a4fddf722a5facb5618c39cd559d4fb2f027db83bb6328775991a44
results/ablations/metrics_centroid_seed4_lam50_thr0.9.csv,1658,29c6c19096804d9ee815fdcad6370b104d12d2e069d5adec9432b44429c7126e
results/ablations/metrics_naive_seed0_lam50_thr0.9.csv,2583,0dd387563b95d81484ded2332f99d088cf66750928ddc4e40bd93732e709ea18
results/ablations/metrics_naive_seed1_lam50_thr0.9.csv,2578,37485b6cf1e2d40767024bd3ce5a5641bd8f08903e973a454957579e65318622
results/ablations/metrics_naive_seed2_lam50_thr0.9.csv,2602,229de4859d56bc330a4a60cb12052485c7707e81d75493b88f71f89cd16c0ac6
results/ablations/metrics_naive_seed3_lam50_thr0.9.csv,2565,5cca243aa52c1e277def220b277ee739d123e7f974d78e59e1f8c6b85ee54fde
results/ablations/metrics_naive_seed4_lam50_thr0.9.csv,2600,e0945fcf68417e106dc3515e7a69313b62b2f212e96e6075e1a856e631093fe3
results/ablations/summary_centroid_ewc_seed0_lam50_thr0.9.json,524,5df80d9422f6f73bb4918880e3e5ad7928202f86f2b4678d202af8a1da77b3a5
results/ablations/summary_centroid_ewc_seed1_lam50_thr0.9.json,524,809330cae5ad9180992cf4e69e44ff12be4ac4448949274a17f2dc0f1784531a
results/ablations/summary_centroid_ewc_seed2_lam50_thr0.9.json,513,a77120fdbeee0e7f4d0fddf85089f25a053882672ddbef84ff849fd133d5d6f8
results/ablations/summary_centroid_ewc_seed3_lam50_thr0.9.json,525,968c5691a2ca800bf4d33906ded977a4a410deb59b0138f50dfed09bcb32b5b7
results/ablations/summary_centroid_seed0_lam50_thr0.9.json,394,fe331abc2e2dbdc39cecc6cb487c60b38dd906ad425bbb9d9e5a7ee8ea21a68e
results/ablations/summary_centroid_seed1_lam50_thr0.9.json,394,3fc18f67d3115bc93999e360d7e26acb98d1fa07151d457fa52b8e131a49a7cf
results/ablations/summary_centroid_seed2_lam50_thr0.9.json,383,69ad7f7ed12d88813ec96086036a3c1bf5e7091ac9c7c0babd8ab040f16f090d
results/ablations/summary_centroid_seed3_lam50_thr0.9.json,396,8f2de0f2ccbb86fc55f593dd9536f4f662fb5c389d9a43e533f1186c1b173378
results/ablations/summary_centroid_seed4_lam50_thr0.9.json,396,cf61c3ff302fece1787e98393b7d07e42881f89ca239dca93812450a412d3d49
results/ablations/summary_naive_seed0_lam50_thr0.9.json,445,9d6c84f536212f42f3b2618d7a89fc6f4028e0ddf8eee847ad60b469dc2166d9
results/ablations/summary_naive_seed1_lam50_thr0.9.json,439,169273362556c4dd76894ba5a3a51173433ed0bd3ee8dd41e9b702f76c78ce84
results/ablations/summary_naive_seed2_lam50_thr0.9.json,446,133f7453d5bb16b99f136bb370cadae7d9d02a5b57697f477b749933b472b10f
results/ablations/summary_naive_seed3_lam50_thr0.9.json,448,d933cec7039adf429fecc71d672d818cac3237816422d0ea9c580d1336842e7c
results/ablations/summary_naive_seed4_lam50_thr0.9.json,445,d257bf5572717d53f97d9a41fa1c40c8b4eda52bb16fdfdf160b82ec375038ed
results/continual_comparison.csv,2469,a910301532e8237a12716da57def5fa22dd616d08d7ea8fb83242777c8ce0750
results/distribution_seed0.csv,2641,c75fcad0439a97f43e75800c5fe4e803f8ce88accf53de3b1ef38f386e2f2b4a
results/extended/.DS_Store,18436,93855a8009d53dc52ebcb1ea27b4327cc38035407fae7b6ad1d2f5c37b7f300f
results/extended/all_run_summaries.csv,2144,cb9c91c0b52d690a76eee9778aa2e249c3c8965cc550f9a48d7c80e5cf03019a
results/extended/change_correlation_per_run.csv,351,296969f4148b65fad6d7bcf6c11684c72db90c126f685df95f1a33808a66b9bd
results/extended/change_correlation_summary.csv,379,c7857a1d8bcd2f084c7030bd6c1ccd5da1f4a11dd4bc938469d2f8b918a82da4
results/extended/class_accuracy_cifar10_offline_seed0_lam50_thr0.9.csv,1447,82647f06d26d60456157f51887ac8303192de21b75d998c06014913a91bdd977
results/extended/class_accuracy_cifar10_offline_seed1_lam50_thr0.9.csv,1468,cdb33c99c9b09d818dd8554ee2a761c489dd97d5d44b415a2e1f97c88f11ef81
results/extended/class_accuracy_cifar10_offline_seed2_lam50_thr0.9.csv,1489,cfa6e0925b51916df0544dcd89eb41f156c5cf8e501a10cc3477eb5e26bcbb94
results/extended/class_accuracy_cifar10_offline_seed3_lam50_thr0.9.csv,1468,5701eaf4c87a37d07eefce7c458949cb5e344006fd9d18b1a1049a85d3ec9a3c
results/extended/class_accuracy_cifar10_offline_seed4_lam50_thr0.9.csv,1489,02e37f12c14867aa9961e9f4fef053a82b1def0319ef1857ba1af1a6c478b374
results/extended/class_accuracy_cifar10_proposed_seed0_lam50_thr0.9.csv,1447,82647f06d26d60456157f51887ac8303192de21b75d998c06014913a91bdd977
results/extended/class_accuracy_cifar10_proposed_seed1_lam50_thr0.9.csv,1468,cdb33c99c9b09d818dd8554ee2a761c489dd97d5d44b415a2e1f97c88f11ef81
results/extended/class_accuracy_cifar10_proposed_seed2_lam50_thr0.9.csv,1489,cfa6e0925b51916df0544dcd89eb41f156c5cf8e501a10cc3477eb5e26bcbb94
results/extended/class_accuracy_cifar10_proposed_seed3_lam50_thr0.9.csv,1468,5701eaf4c87a37d07eefce7c458949cb5e344006fd9d18b1a1049a85d3ec9a3c
results/extended/class_accuracy_cifar10_proposed_seed4_lam50_thr0.9.csv,1489,02e37f12c14867aa9961e9f4fef053a82b1def0319ef1857ba1af1a6c478b374
results/extended/comparison_mean_std.csv,1143,6186a221c9ed78de41161b122efd46f63b5b947dfc62722c0a8fe9eee05cd4c1
results/extended/dissertation_comparison_table.csv,362,7f9b7310e2a125a72c25ae5f1449977660b1b5582f92e3f278c75ff196600a28
results/extended/distribution_cifar10_seed0.csv,2809,29fd697729a08846e144a111557eb167ebcd158014a3dc11208b3983fd70b5a7
results/extended/distribution_cifar10_seed1.csv,2809,29fd697729a08846e144a111557eb167ebcd158014a3dc11208b3983fd70b5a7
results/extended/distribution_cifar10_seed2.csv,2809,29fd697729a08846e144a111557eb167ebcd158014a3dc11208b3983fd70b5a7
results/extended/distribution_cifar10_seed3.csv,2809,29fd697729a08846e144a111557eb167ebcd158014a3dc11208b3983fd70b5a7
results/extended/distribution_cifar10_seed4.csv,2809,29fd697729a08846e144a111557eb167ebcd158014a3dc11208b3983fd70b5a7
results/extended/distribution_mnist_seed0.csv,2769,8c8bafbbae115ad5152cb4f9b33fde1fdaf826d3e7a140b52c20304adeab1106
results/extended/distribution_mnist_seed1.csv,2769,8c8bafbbae115ad5152cb4f9b33fde1fdaf826d3e7a140b52c20304adeab1106
results/extended/distribution_mnist_seed2.csv,2769,8c8bafbbae115ad5152cb4f9b33fde1fdaf826d3e7a140b52c20304adeab1106
results/extended/distribution_mnist_seed3.csv,2769,8c8bafbbae115ad5152cb4f9b33fde1fdaf826d3e7a140b52c20304adeab1106
results/extended/distribution_mnist_seed4.csv,2769,8c8bafbbae115ad5152cb4f9b33fde1fdaf826d3e7a140b52c20304adeab1106
results/extended/environment_reproducibility.json,1147,7108f626658ede57db11112ffafb7c71819d9a706e4e72f8a7251eac0668581b
results/extended/failed_runs.csv,1111,06fe8ae205f7848949791321d5878491a5577a441f9ac570c7a8a30c845507b5
results/extended/figures/cifar10_accuracy.png,43906,0667dbfb9500e516e6828f2842d061facd4577a74361d57879dba6c97b895f31
results/extended/figures/cifar10_feature_drift.png,104321,9c87b40986e3eabbb3f1e57e78492a676543b6195945e162bce868d9699a045a
results/extended/figures/cifar10_parameter_change.png,49066,9adbadf272e6e026418aca45fa5b95feb8c40f61daf6bd9877f38610322395cc
results/extended/figures/cifar10_pseudo_coverage.png,45319,672c453e4e0648d02b2b6737e304cd5f9c151f1e2e32fe86583d2817591d1206
results/extended/metrics_cifar10_offline_seed0_lam50_thr0.9.csv,2167,581d90e94469802e65865022bcb573ada2e9fae1bb53ccc1d184a3c88fe92ff2
results/extended/metrics_cifar10_offline_seed1_lam50_thr0.9.csv,2153,6aaddc3a1fa72049c6c4c320d0acfc8fea166b8cce864ce6bd38c9f4bc1190dc
results/extended/metrics_cifar10_offline_seed2_lam50_thr0.9.csv,2144,ec6179b78adb4bc7db13c174ce322fe5b89732dcc85933eca1f4072276a51484
results/extended/metrics_cifar10_offline_seed3_lam50_thr0.9.csv,2146,fafb66ad10ad80adff5bd98980f8490bb54e80ee024a94a5f4e090c2b2b2275a
results/extended/metrics_cifar10_offline_seed4_lam50_thr0.9.csv,2157,60f10748cc3589b56f1e66474a42e05c32903de340464d28d334340c1ce10a8c
results/extended/metrics_cifar10_proposed_seed0_lam50_thr0.9.csv,2471,79bf432f3cf4906ceaedb08369db96602ef36474368180fd6d4f3753741deb19
results/extended/metrics_cifar10_proposed_seed1_lam50_thr0.9.csv,2473,55f6b5a18ef1ace23d0febd9ee62323c3874a33876c8f9abd17db989bc5e7914
results/extended/metrics_cifar10_proposed_seed2_lam50_thr0.9.csv,2451,dc269fa689c2fd3e9b60f9734e92130fcafe6171648270bc5a8e656974c05080
results/extended/metrics_cifar10_proposed_seed3_lam50_thr0.9.csv,2455,597eb071355066ef553532afda1170025aeedbca7b4427b563904d0356afba77
results/extended/metrics_cifar10_proposed_seed4_lam50_thr0.9.csv,2440,88412d6374e5445b521a5ee153b73ea2642fe8bee1d155c9a3a35de77e70db9c
results/extended/requirements_frozen.txt,566,c3d127a9f247b576a6731d67980d83f173ac0b1dbe6d5b0cac9aca8a2f7b9bf9
results/extended/summary_cifar10_offline_seed0_lam50_thr0.9.json,627,7bfd9f04d1cd002a9e4001ba8182cf6829d09622264aa44c068431b07b52bbc3
results/extended/summary_cifar10_offline_seed1_lam50_thr0.9.json,609,1a19d6315ac4603e86d0bd769644cdfaabc19cd922d088ff571b1c8ec99c494e
results/extended/summary_cifar10_offline_seed2_lam50_thr0.9.json,608,476beb40683910215cfb92a792465f1cfa7bb78b5f77a268131615c6df2d8962
results/extended/summary_cifar10_offline_seed3_lam50_thr0.9.json,610,bccdcbab560fbb524542d820e9411ba99512d52ebb3ca9c6e1d3237cdc3397e5
results/extended/summary_cifar10_offline_seed4_lam50_thr0.9.json,615,697b8bdbb44d495b91eb66e734bd6f91f7ea1ea48aa6bb3c8a1f4f221e37c807
results/extended/summary_cifar10_proposed_seed0_lam50_thr0.9.json,695,88f7e083f8395a0ecaecad464891935d894e84bedbad472d712e89facf1970c4
results/extended/summary_cifar10_proposed_seed1_lam50_thr0.9.json,690,27d33edf7b8e9fe95e35b6ddee57e593f08ef3099209dffc168b92fbb4fc7cb1
results/extended/summary_cifar10_proposed_seed2_lam50_thr0.9.json,687,6bc00547a7b2eb1e86b338ee13eedae2db5551b387a39c92943e84d64d2e158f
results/extended/summary_cifar10_proposed_seed3_lam50_thr0.9.json,696,75f6275539b1f45316b841c375258233b8b7f9f146a377171c59c814f838044b
results/extended/summary_cifar10_proposed_seed4_lam50_thr0.9.json,691,69b84edf95bf1a275754eb38956573291ba83b39ca8c8bf23ece17fddd414061
results/extended/task_accuracy_cifar10_offline_seed0_lam50_thr0.9.csv,790,69579008e7df809091532d6b160ebb0fcacc1920cd9cd7c991896607d1077137
results/extended/task_accuracy_cifar10_offline_seed1_lam50_thr0.9.csv,811,2a57154b5aefed74ac09d658a1b1f5d1a20a7d4a74cc1980a16675cb22c27e9e
results/extended/task_accuracy_cifar10_offline_seed2_lam50_thr0.9.csv,853,fbecf5ca2e81bfbeeeef684c99f0db08310179407c3a1c7cd1c253d82569a7a2
results/extended/task_accuracy_cifar10_offline_seed3_lam50_thr0.9.csv,811,a835db2682ff39322a468ca9b8d58c1a60f42016059134a4bafc5c9151226f98
results/extended/task_accuracy_cifar10_offline_seed4_lam50_thr0.9.csv,832,8e06cc73fafb5f2452be4f23d649940dd3b18dbd5e631e3922bef70924edee17
results/extended/task_accuracy_cifar10_proposed_seed0_lam50_thr0.9.csv,790,69579008e7df809091532d6b160ebb0fcacc1920cd9cd7c991896607d1077137
results/extended/task_accuracy_cifar10_proposed_seed1_lam50_thr0.9.csv,811,2a57154b5aefed74ac09d658a1b1f5d1a20a7d4a74cc1980a16675cb22c27e9e
results/extended/task_accuracy_cifar10_proposed_seed2_lam50_thr0.9.csv,853,fbecf5ca2e81bfbeeeef684c99f0db08310179407c3a1c7cd1c253d82569a7a2
results/extended/task_accuracy_cifar10_proposed_seed3_lam50_thr0.9.csv,811,a835db2682ff39322a468ca9b8d58c1a60f42016059134a4bafc5c9151226f98
results/extended/task_accuracy_cifar10_proposed_seed4_lam50_thr0.9.csv,832,8e06cc73fafb5f2452be4f23d649940dd3b18dbd5e631e3922bef70924edee17
results/final_figures/cifar10_classwise_forgetting_mean.png,48195,48af4b9353b4aa3aa92333466ffb714d93dba1910cceda5024a7b3c2038d9d32
results/final_figures/cifar10_final_accuracy_mean.png,50056,67a1892c5ed4d5e28c705ef3b9d6f0c85cfe534d8c7a0c73136a9a7fa1f8962f
results/final_figures/cifar10_mean_batch_seconds_mean.png,53915,c8b65415b4167e7b433cb3871a61a60ac53d0a9242c29eade79fdec3b04ed2d5
results/final_figures/cifar10_mean_pseudo_coverage_mean.png,45755,32a7b2b44a666042c5a516760ea6679b70d9bfbaecdf856081a16733cb12fad3
results/final_figures/cifar10_mean_pseudo_precision_mean.png,41212,9bc2a9af974fec0919175c1274ef10cb3f45ae98f545dd861b585354d7ff7f77
results/final_figures/pipeline_diagram.png,122861,ceb6df5e2b47babb66c348faad1c7245804d829957aa9d2de408f40036c5fa9f
results/final_tables/final_comparison_table.csv,475,4bd998c94c4b1166f9a7561d6d92c7db4758fdfe1d8accb3dd572599b14f0c42
results/metrics_centroid_ewc_seed0_lam50_thr0.9.csv,1242,b72a556e26b056b762e231965317a0903642124a5caf4a85ed6372d61c797568
results/metrics_centroid_seed0_lam50_thr0.9.csv,1158,7ff5d9b9ca4ff4dc5ec725a8948b1cec2d578cc1a69b9749b646fae07330c4c1
results/metrics_naive_seed0_lam50_thr0.9.csv,2090,2faa92c276d3c56ac478a1c2636ac81dbd405cf42f46b27e0dff5743df89148f
results/repeated/accuracy_mean_std.png,97852,298dbb6cde2ab73a762ce04da374264806dda1618d498ca96b4fb8c6cf928f60
results/repeated/all_runs.csv,23452,461d32de56a4e898a918a921757b24873615ee493aafeb4fee5b64369cd11dc7
results/repeated/change_correlation_per_run.csv,753,fd48ac19a5584e1ec7a7263edc69e3fb15cbb9c97a56ecd92607a067c9c2abe5
results/repeated/change_correlation_summary.csv,322,aa561cba4ad1ed57c6daf64b2e785deac641919f3fab658843e6181c89411529
results/repeated/class_accuracy_centroid_replay_ewc_seed0_lam50_thr0.9.csv,4219,693899db42e9ff1e3eca2951e971939196880807f31569f1846a88f05c4ce52b
results/repeated/distribution_change.png,83210,49b8c8b2072e42771fde4b6ae53b4d195252c675e088b0cfdf29ea7f50b9db52
results/repeated/distribution_seed0.csv,2641,c75fcad0439a97f43e75800c5fe4e803f8ce88accf53de3b1ef38f386e2f2b4a
results/repeated/distribution_seed1.csv,2641,c75fcad0439a97f43e75800c5fe4e803f8ce88accf53de3b1ef38f386e2f2b4a
results/repeated/distribution_seed2.csv,2641,c75fcad0439a97f43e75800c5fe4e803f8ce88accf53de3b1ef38f386e2f2b4a
results/repeated/distribution_seed3.csv,2641,c75fcad0439a97f43e75800c5fe4e803f8ce88accf53de3b1ef38f386e2f2b4a
results/repeated/distribution_seed4.csv,2641,c75fcad0439a97f43e75800c5fe4e803f8ce88accf53de3b1ef38f386e2f2b4a
results/repeated/feature_centroid_drift.png,113102,bce7166916e562d5b4b0422a21a48cc428b6372a9ec3ebeb97b20ce90d8b9d8f
results/repeated/mean_std_summary.csv,637,79388833987905797483be24338b78098e8e0ae42e705b5aaa34cc6701e01a53
results/repeated/metrics_centroid_ewc_seed0_lam50_thr0.9.csv,1242,b72a556e26b056b762e231965317a0903642124a5caf4a85ed6372d61c797568
results/repeated/metrics_centroid_ewc_seed1_lam50_thr0.9.csv,1241,63e9c0ca2a75dd1da8562f2e51a58a15867603c1e047ae45431138a3f6aa27d9
results/repeated/metrics_centroid_ewc_seed2_lam50_thr0.9.csv,1227,a8a979e1fd8370007cd0ec633b2aee22b3fa6e89ed841eff1d3f7a7d49bfd74a
results/repeated/metrics_centroid_ewc_seed3_lam50_thr0.9.csv,1235,6e1ae757d8f0aba027bda58f481d70fe258348e8c7e6a2de3e984eb02942b611
results/repeated/metrics_centroid_ewc_seed4_lam50_thr0.9.csv,1241,61f07932a6d01bb9282a3a9423359244ddc8d63fc74f1b8f6bb136a8ff1469c8
results/repeated/metrics_centroid_replay_ewc_seed0_lam50_thr0.9.csv,1880,c22b9b715844a745f3bed99153a117653861a4e09d1c76923cd78483d549cd12
results/repeated/metrics_centroid_seed0_lam50_thr0.9.csv,1158,7ff5d9b9ca4ff4dc5ec725a8948b1cec2d578cc1a69b9749b646fae07330c4c1
results/repeated/metrics_centroid_seed1_lam50_thr0.9.csv,1157,b3431d34a916e12a7beca639e258d969f45bb860f6afe491c05697cbfdec537d
results/repeated/metrics_centroid_seed2_lam50_thr0.9.csv,1143,48c52bd298dee7e4415f918c65785540d4985281a041a2ea7b2f80a881f8f1da
results/repeated/metrics_centroid_seed3_lam50_thr0.9.csv,1151,35b406e7244fdb7a626b1e5d4c90cb8d273ce9575180df3f111ef2306ca2c486
results/repeated/metrics_centroid_seed4_lam50_thr0.9.csv,1157,cca2dd2e664167d7788d1e14942c09572fdc166422f09d329168195d15500c56
results/repeated/metrics_naive_seed0_lam50_thr0.9.csv,2090,2faa92c276d3c56ac478a1c2636ac81dbd405cf42f46b27e0dff5743df89148f
results/repeated/metrics_naive_seed1_lam50_thr0.9.csv,2092,8232834e2ce06f6b957de5a8d667f2e4c82ca74bdd5f7cae6ead49d88b2b176b
results/repeated/metrics_naive_seed2_lam50_thr0.9.csv,2086,cf1d6bf5be8cfbd64a339c93921421ace486d5ddae39f618f44c2e8f01833979
results/repeated/metrics_naive_seed3_lam50_thr0.9.csv,2101,3bab63ac28ef739683084ff1da46cec7e5029ec268743168b22ad7f1e2aefebb
results/repeated/metrics_naive_seed4_lam50_thr0.9.csv,2100,5e0e112b87078f45797dc88cf22612ccb0fb00836182686843108d95ce772382
results/repeated/parameter_change.png,113190,58b45d9caf74f7f91c1c147580efa4e381c83d91b76c05b51c43584549ce3c8f
results/repeated/per_run_summary.csv,1013,53d38a1b0368271cee2b7bf6e5797c29ea2da6eeb6a541aaac24d50a467d380e
results/repeated/pseudo_coverage.png,97077,3fdf72d45e9170499e9e48299a2de1a4b4953e645e3592ccdb202d416da5425f
results/repeated/pseudo_precision.png,109936,0d975b766477db13f45d177cd030ffeb22afdbbf36c5e04e342e022419e1ea1e
results/repeated/summary_centroid_ewc_seed0_lam50_thr0.9.json,345,2aa700d8b848e7d631cc54bbb794a9550503430beba5bf8fa021312565097533
results/repeated/summary_centroid_ewc_seed1_lam50_thr0.9.json,345,f0a455639c56e65cd85247e93f25462feb1246a1212abbd023eb27257473f193
results/repeated/summary_centroid_ewc_seed2_lam50_thr0.9.json,344,644524010409da4b7d81ca825975109817e6b2d0d4c6b0fcd44ba28ad49ca936
results/repeated/summary_centroid_ewc_seed3_lam50_thr0.9.json,342,cf21edc918e40c000b2d0a095f7d5422de2623264f8e193db71e6a2a1a84dbdb
results/repeated/summary_centroid_ewc_seed4_lam50_thr0.9.json,346,ff7d63758ec117ab6f415cbf5506fc3e7238350b5ac4218f552a0312ad8910ae
results/repeated/summary_centroid_replay_ewc_seed0_lam50_thr0.9.json,520,dae829f28d5190b4b0d97943f002f2bc46576551ca45e78bb21431e23722073f
results/repeated/summary_centroid_seed0_lam50_thr0.9.json,265,a748be255f973ec59badeb57fa6a2768852c507ef6f4d939c52172421b51a28e
results/repeated/summary_centroid_seed1_lam50_thr0.9.json,265,16a88734d77e244afdf0955a092eb5e7ae03201938e9d978eefb57eda039b4bb
results/repeated/summary_centroid_seed2_lam50_thr0.9.json,263,95a9f9c3ce45c0058575d6a8556f4f000715e5d9ad8477c8cb9ce96520d1c718
results/repeated/summary_centroid_seed3_lam50_thr0.9.json,265,556ea65eedfd6e43e84a2a48120e40a2c9b8c4a747e8860fec5acef9e01cbdca
results/repeated/summary_centroid_seed4_lam50_thr0.9.json,265,7a1877112bc0414a5dfad5cad1fea8459c9cbfe30ff5b87e5ae9863efcaf1a5c
results/repeated/summary_naive_seed0_lam50_thr0.9.json,307,66ab64aae81e22b0db10b04b4f3e10f899c9c1dac29a815f2fd4802379fb260d
results/repeated/summary_naive_seed1_lam50_thr0.9.json,322,aa0c38d20b05992098aac4b20ab206bd5e3e63f0a9ac173061ee8166583d6a3a
results/repeated/summary_naive_seed2_lam50_thr0.9.json,307,54ea09475d7e72aef35024d2edaeeef8370a854ca887152dd1ec29a7f81f64e8
results/repeated/summary_naive_seed3_lam50_thr0.9.json,321,cc20a3c89a25a3014e0cb76733df7ba0288c4158b6282459202a64332e161a2a
results/repeated/summary_naive_seed4_lam50_thr0.9.json,309,3d983c004e6c4af683774bfe94ca470e6d06cb1d12c97e66afbf02f99aa29185
results/single/all_runs.csv,1865,21a9f79be1163306fa3fae35013b401a947bd1973e9f90f843367066c574941f
results/single/class_accuracy_centroid_ewc_seed0_lam50_thr0.9.csv,3925,f8c831945c9906f546b798f8cffe17c0c64695282e747f00565021c73eccfd12
results/single/class_accuracy_centroid_ewc_seed1_lam50_thr0.9.csv,4177,64a9b317691bc91e25e7225b64f14e1e92fd8a6d1ee1ba8df8a920be8abdc599
results/single/class_accuracy_centroid_replay_ewc_seed0_lam50_thr0.9.csv,3925,f8c831945c9906f546b798f8cffe17c0c64695282e747f00565021c73eccfd12
results/single/class_accuracy_centroid_replay_ewc_seed1_lam50_thr0.9.csv,4177,64a9b317691bc91e25e7225b64f14e1e92fd8a6d1ee1ba8df8a920be8abdc599
results/single/class_accuracy_centroid_replay_seed0_lam50_thr0.9.csv,3925,f8c831945c9906f546b798f8cffe17c0c64695282e747f00565021c73eccfd12
results/single/class_accuracy_centroid_replay_seed1_lam50_thr0.9.csv,4177,64a9b317691bc91e25e7225b64f14e1e92fd8a6d1ee1ba8df8a920be8abdc599
results/single/class_accuracy_centroid_seed0_lam50_thr0.9.csv,3925,f8c831945c9906f546b798f8cffe17c0c64695282e747f00565021c73eccfd12
results/single/class_accuracy_centroid_seed1_lam50_thr0.9.csv,4177,64a9b317691bc91e25e7225b64f14e1e92fd8a6d1ee1ba8df8a920be8abdc599
results/single/class_accuracy_naive_seed0_lam50_thr0.9.csv,4098,ff8943093534b0e43463e6d48978d1b4707c583410ace4095d4b52c9e959d78e
results/single/class_accuracy_naive_seed1_lam50_thr0.9.csv,4195,c87ebbf0b6bbba3e91232c377523a1bf7c0febee88eb221ad0a5ba9f9107dd4a
results/single/distribution_mnist_seed0.csv,2769,8c8bafbbae115ad5152cb4f9b33fde1fdaf826d3e7a140b52c20304adeab1106
results/single/distribution_seed0.csv,2641,c75fcad0439a97f43e75800c5fe4e803f8ce88accf53de3b1ef38f386e2f2b4a
results/single/distribution_seed1.csv,2641,c75fcad0439a97f43e75800c5fe4e803f8ce88accf53de3b1ef38f386e2f2b4a
results/single/metrics_centroid_ewc_seed0_lam50_thr0.9.csv,1718,7bbb4670292bb18d6ea045535068cb03f4567cd03fbb3347c926a0581a243dcc
results/single/metrics_centroid_ewc_seed1_lam50_thr0.9.csv,1718,5b14569ab8e2319d586b39feb25574d61b632b10e86fdd5db7bbea287e3d1f81
results/single/metrics_centroid_replay_ewc_seed0_lam50_thr0.9.csv,1865,e2cc823c072323935d83f673763b5ed9dcd8440c5ae7d61b54527db4762068d7
results/single/metrics_centroid_replay_ewc_seed1_lam50_thr0.9.csv,1865,21a9f79be1163306fa3fae35013b401a947bd1973e9f90f843367066c574941f
results/single/metrics_centroid_replay_seed0_lam50_thr0.9.csv,1781,b582328d5e61940d0f5674ff57301c5976fd0d6c87f8c9f52947492f37cbad68
results/single/metrics_centroid_replay_seed1_lam50_thr0.9.csv,1781,62952dd94a800cba416af0833ecc58cae3915ec7d6bd6c82c867b33e2c729d5f
results/single/metrics_centroid_seed0_lam50_thr0.9.csv,1634,82e6821dfb6ef75f7bd666c27db6f54cb3ad4cb910320bf97017479906c3db63
results/single/metrics_centroid_seed1_lam50_thr0.9.csv,1634,864a585a75be7399a9775d4e1effe824f9c5b638ac2c7637d57ccda7160af7c8
results/single/metrics_naive_seed0_lam50_thr0.9.csv,2583,0dd387563b95d81484ded2332f99d088cf66750928ddc4e40bd93732e709ea18
results/single/metrics_naive_seed1_lam50_thr0.9.csv,2578,37485b6cf1e2d40767024bd3ce5a5641bd8f08903e973a454957579e65318622
results/single/summary_centroid_ewc_seed0_lam50_thr0.9.json,524,5df80d9422f6f73bb4918880e3e5ad7928202f86f2b4678d202af8a1da77b3a5
results/single/summary_centroid_ewc_seed1_lam50_thr0.9.json,524,809330cae5ad9180992cf4e69e44ff12be4ac4448949274a17f2dc0f1784531a
results/single/summary_centroid_replay_ewc_seed0_lam50_thr0.9.json,531,f2f206973da623be24515c6c8678b77d35a46abeef6c709deb6bd41c3110f357
results/single/summary_centroid_replay_ewc_seed1_lam50_thr0.9.json,531,5e1caae167ecc4f0efc453de239115484a0ca7d54cd243f23eb9c8df23b17850
results/single/summary_centroid_replay_seed0_lam50_thr0.9.json,401,d585ba812897d7f305e3e9ed0337da08e17924a9947f389fc85f3a1efdbe17bd
results/single/summary_centroid_replay_seed1_lam50_thr0.9.json,401,56753f2f78754d0cf10f5c2747ca0f91d01916605fd2f76006d341f19efab370
results/single/summary_centroid_seed0_lam50_thr0.9.json,394,fe331abc2e2dbdc39cecc6cb487c60b38dd906ad425bbb9d9e5a7ee8ea21a68e
results/single/summary_centroid_seed1_lam50_thr0.9.json,394,3fc18f67d3115bc93999e360d7e26acb98d1fa07151d457fa52b8e131a49a7cf
results/single/summary_naive_seed0_lam50_thr0.9.json,445,9d6c84f536212f42f3b2618d7a89fc6f4028e0ddf8eee847ad60b469dc2166d9
results/single/summary_naive_seed1_lam50_thr0.9.json,439,169273362556c4dd76894ba5a3a51173433ed0bd3ee8dd41e9b702f76c78ce84
results/single/task_accuracy_centroid_replay_ewc_seed0_lam50_thr0.9.csv,2134,4d1c8efe2c24e4cc4692b81ad9c67b4a2f428daa503a0d0fd2b0c2366070a31b
results/summary_centroid_ewc_seed0_lam50_thr0.9.json,345,2aa700d8b848e7d631cc54bbb794a9550503430beba5bf8fa021312565097533
results/summary_centroid_seed0_lam50_thr0.9.json,265,a748be255f973ec59badeb57fa6a2768852c507ef6f4d939c52172421b51a28e
results/summary_naive_seed0_lam50_thr0.9.json,307,66ab64aae81e22b0db10b04b4f3e10f899c9c1dac29a815f2fd4802379fb260d
results/sweep/lam_10_thr_0.85/all_runs.csv,3254,3026a6c62c3cd79eb65058ad13a0f3495c550392f9b831cdb85a921e425bdd5f
results/sweep/lam_10_thr_0.85/class_accuracy_centroid_ewc_seed0_lam10_thr0.85.csv,4219,693899db42e9ff1e3eca2951e971939196880807f31569f1846a88f05c4ce52b
results/sweep/lam_10_thr_0.85/class_accuracy_centroid_ewc_seed1_lam10_thr0.85.csv,4219,c7a0394dc2691470165d35db4d87dcbffa803a3f20a3affb67841e3912fcef9b
results/sweep/lam_10_thr_0.85/distribution_seed0.csv,2641,c75fcad0439a97f43e75800c5fe4e803f8ce88accf53de3b1ef38f386e2f2b4a
results/sweep/lam_10_thr_0.85/distribution_seed1.csv,2641,c75fcad0439a97f43e75800c5fe4e803f8ce88accf53de3b1ef38f386e2f2b4a
results/sweep/lam_10_thr_0.85/mean_std_summary.csv,342,e99e0372eeb7333cd40eb7b515f56e00a82b85d517d52fa404178d7231180e35
results/sweep/lam_10_thr_0.85/metrics_centroid_ewc_seed0_lam10_thr0.85.csv,1733,6d158a134f8564f2a8b9cb4c2003a70d7d58465c9d891de0962f1dad7898b867
results/sweep/lam_10_thr_0.85/metrics_centroid_ewc_seed1_lam10_thr0.85.csv,1734,d921c413de62946d9f904983758986e874c3bca359d71dfc7c20e4a95113a742
results/sweep/lam_10_thr_0.85/per_run_summary.csv,219,c3084c5bb4f48b9a240de7222a2bae84b043f867bf98afcfe9e177872c7fd2d9
results/sweep/lam_10_thr_0.85/summary_centroid_ewc_seed0_lam10_thr0.85.json,513,53e57d6655ff942a83bf14213d1aa5f863cc48194bd91a6d9f92680ae4be7848
results/sweep/lam_10_thr_0.85/summary_centroid_ewc_seed1_lam10_thr0.85.json,514,c05351be445b5b8b975be3cb88f6cff97d8c42c9ba6757b084b765141b7f6f0e
results/sweep/lam_10_thr_0.9/all_runs.csv,3254,3026a6c62c3cd79eb65058ad13a0f3495c550392f9b831cdb85a921e425bdd5f
results/sweep/lam_10_thr_0.9/class_accuracy_centroid_ewc_seed0_lam10_thr0.9.csv,4219,693899db42e9ff1e3eca2951e971939196880807f31569f1846a88f05c4ce52b
results/sweep/lam_10_thr_0.9/class_accuracy_centroid_ewc_seed1_lam10_thr0.9.csv,4219,c7a0394dc2691470165d35db4d87dcbffa803a3f20a3affb67841e3912fcef9b
results/sweep/lam_10_thr_0.9/distribution_seed0.csv,2641,c75fcad0439a97f43e75800c5fe4e803f8ce88accf53de3b1ef38f386e2f2b4a
results/sweep/lam_10_thr_0.9/distribution_seed1.csv,2641,c75fcad0439a97f43e75800c5fe4e803f8ce88accf53de3b1ef38f386e2f2b4a
results/sweep/lam_10_thr_0.9/mean_std_summary.csv,342,e99e0372eeb7333cd40eb7b515f56e00a82b85d517d52fa404178d7231180e35
results/sweep/lam_10_thr_0.9/metrics_centroid_ewc_seed0_lam10_thr0.9.csv,1733,6d158a134f8564f2a8b9cb4c2003a70d7d58465c9d891de0962f1dad7898b867
results/sweep/lam_10_thr_0.9/metrics_centroid_ewc_seed1_lam10_thr0.9.csv,1734,d921c413de62946d9f904983758986e874c3bca359d71dfc7c20e4a95113a742
results/sweep/lam_10_thr_0.9/per_run_summary.csv,219,c3084c5bb4f48b9a240de7222a2bae84b043f867bf98afcfe9e177872c7fd2d9
results/sweep/lam_10_thr_0.9/summary_centroid_ewc_seed0_lam10_thr0.9.json,513,53e57d6655ff942a83bf14213d1aa5f863cc48194bd91a6d9f92680ae4be7848
results/sweep/lam_10_thr_0.9/summary_centroid_ewc_seed1_lam10_thr0.9.json,514,c05351be445b5b8b975be3cb88f6cff97d8c42c9ba6757b084b765141b7f6f0e
results/sweep/lam_50_thr_0.85/all_runs.csv,3254,3026a6c62c3cd79eb65058ad13a0f3495c550392f9b831cdb85a921e425bdd5f
results/sweep/lam_50_thr_0.85/class_accuracy_centroid_ewc_seed0_lam50_thr0.85.csv,4219,693899db42e9ff1e3eca2951e971939196880807f31569f1846a88f05c4ce52b
results/sweep/lam_50_thr_0.85/class_accuracy_centroid_ewc_seed1_lam50_thr0.85.csv,4219,c7a0394dc2691470165d35db4d87dcbffa803a3f20a3affb67841e3912fcef9b
results/sweep/lam_50_thr_0.85/distribution_seed0.csv,2641,c75fcad0439a97f43e75800c5fe4e803f8ce88accf53de3b1ef38f386e2f2b4a
results/sweep/lam_50_thr_0.85/distribution_seed1.csv,2641,c75fcad0439a97f43e75800c5fe4e803f8ce88accf53de3b1ef38f386e2f2b4a
results/sweep/lam_50_thr_0.85/mean_std_summary.csv,342,e99e0372eeb7333cd40eb7b515f56e00a82b85d517d52fa404178d7231180e35
results/sweep/lam_50_thr_0.85/metrics_centroid_ewc_seed0_lam50_thr0.85.csv,1733,6d158a134f8564f2a8b9cb4c2003a70d7d58465c9d891de0962f1dad7898b867
results/sweep/lam_50_thr_0.85/metrics_centroid_ewc_seed1_lam50_thr0.85.csv,1734,d921c413de62946d9f904983758986e874c3bca359d71dfc7c20e4a95113a742
results/sweep/lam_50_thr_0.85/per_run_summary.csv,219,c3084c5bb4f48b9a240de7222a2bae84b043f867bf98afcfe9e177872c7fd2d9
results/sweep/lam_50_thr_0.85/summary_centroid_ewc_seed0_lam50_thr0.85.json,513,53e57d6655ff942a83bf14213d1aa5f863cc48194bd91a6d9f92680ae4be7848
results/sweep/lam_50_thr_0.85/summary_centroid_ewc_seed1_lam50_thr0.85.json,514,c05351be445b5b8b975be3cb88f6cff97d8c42c9ba6757b084b765141b7f6f0e
results/sweep/lam_50_thr_0.9/all_runs.csv,3254,3026a6c62c3cd79eb65058ad13a0f3495c550392f9b831cdb85a921e425bdd5f
results/sweep/lam_50_thr_0.9/class_accuracy_centroid_ewc_seed0_lam50_thr0.9.csv,4219,693899db42e9ff1e3eca2951e971939196880807f31569f1846a88f05c4ce52b
results/sweep/lam_50_thr_0.9/class_accuracy_centroid_ewc_seed1_lam50_thr0.9.csv,4219,c7a0394dc2691470165d35db4d87dcbffa803a3f20a3affb67841e3912fcef9b
results/sweep/lam_50_thr_0.9/distribution_seed0.csv,2641,c75fcad0439a97f43e75800c5fe4e803f8ce88accf53de3b1ef38f386e2f2b4a
results/sweep/lam_50_thr_0.9/distribution_seed1.csv,2641,c75fcad0439a97f43e75800c5fe4e803f8ce88accf53de3b1ef38f386e2f2b4a
results/sweep/lam_50_thr_0.9/mean_std_summary.csv,342,e99e0372eeb7333cd40eb7b515f56e00a82b85d517d52fa404178d7231180e35
results/sweep/lam_50_thr_0.9/metrics_centroid_ewc_seed0_lam50_thr0.9.csv,1733,6d158a134f8564f2a8b9cb4c2003a70d7d58465c9d891de0962f1dad7898b867
results/sweep/lam_50_thr_0.9/metrics_centroid_ewc_seed1_lam50_thr0.9.csv,1734,d921c413de62946d9f904983758986e874c3bca359d71dfc7c20e4a95113a742
results/sweep/lam_50_thr_0.9/per_run_summary.csv,219,c3084c5bb4f48b9a240de7222a2bae84b043f867bf98afcfe9e177872c7fd2d9
results/sweep/lam_50_thr_0.9/summary_centroid_ewc_seed0_lam50_thr0.9.json,513,53e57d6655ff942a83bf14213d1aa5f863cc48194bd91a6d9f92680ae4be7848
results/sweep/lam_50_thr_0.9/summary_centroid_ewc_seed1_lam50_thr0.9.json,514,c05351be445b5b8b975be3cb88f6cff97d8c42c9ba6757b084b765141b7f6f0e
results/sweep/sweep_summary.csv,742,2fe7702a71c2673478aec5d470f180e11975af643e8ece3284c092da9b9ca170
run_ablations.py,469,73cdba0087c6c952b8587966e0508543965672771351ec4cd9b2daa676a556c6
run_analysis.py,1585,f5bbe0e5aa92705972168fd1b9d586760c251db6dc8d3d9b62ea3860ee87f723
run_experiment.py,13392,7cef17dbf130ed8a0c5e98e744e29d1240b7108734a04e4a8564a8e584472e6e
run_extended.py,2387,1a6e4821c2641c4e13ab2c22ab69220a07f46461e53556ff0d8efcdbb339b91e
run_final_pipeline.py,2272,9783fd67719c7658534bbdff386aeb10dad655a2ddaa1c2c32b1ae11c8c73bc8
run_repeated.py,2495,408bd2d8711bc778afea93807107519a860636136e055522699150fc7f248532
run_sweep.py,1151,4abb4dbc93419878dc858c59c8001c1c2f9260b3ca427140a93b317249b44f97
seed_utils.py,636,dca19e747d090e267562535216f8716afff7136107c41b5f6d225aad103bd2a7
stream_simulator.py,4041,2b06150c7057a980871bb984fd4639af06f315bc0c3662040a1840aefc977a53
test_pseudolabel.py,857,562017f3dd8f14a4c68273fb29f4bacb258ea0a6b00f20d5c55ad004aaaaf373
tests/test_core.py,1080,9a98d8eaf3b1a674bb3e1493d0b79c3cc46e0fc92bf9519db5f998cb699dd207
today_results_MNIST_class_incremental.csv,303,5d260b5c3bb992432052411f6b25611da13a579a0b540bad45f6bb84b3229491
utils.py,2926,e53bf60029a7743bc423cf6fd9aefda84729b5fb953d39b128a5e5edf38750cc
validate_submission.py,2129,928cd45c1deeb14cd25a6ec3d30580d4fc9789f8ccc1478a1fe5fb41e0084709
